{
  "run_id": "gemma-2b",
  "temperature": 0.500463358044316,
  "results": [
    {
      "name": "Zero-shot gemma-2b-it",
      "macro_f1": 0.0625,
      "macro_f1_ci": [
        0.03954802259887006,
        0.0892018779342723
      ],
      "per_class_f1": {
        "1": 0.375,
        "2": 0.0,
        "3": 0.0,
        "4": 0.0,
        "5": 0.0,
        "6": 0.0
      },
      "ece": 0.7550165053751312,
      "brier": 0.747576332412385,
      "n_valid": 52,
      "n_total": 52
    },
    {
      "name": "Our LoRA (verbalized confidence)",
      "macro_f1": 0.9159017713365539,
      "macro_f1_ci": [
        0.8128001213111506,
        0.9814243539102087
      ],
      "per_class_f1": {
        "1": 0.9565217391304348,
        "2": 1.0,
        "3": 0.9,
        "4": 1.0,
        "5": 0.8888888888888888,
        "6": 0.75
      },
      "ece": 0.14538461538461545,
      "brier": 0.0955576923076923,
      "n_valid": 52,
      "n_total": 52
    },
    {
      "name": "Our LoRA (logprob confidence, raw)",
      "macro_f1": 0.9159017713365539,
      "macro_f1_ci": [
        0.8128001213111506,
        0.9814243539102087
      ],
      "per_class_f1": {
        "1": 0.9565217391304348,
        "2": 1.0,
        "3": 0.9,
        "4": 1.0,
        "5": 0.8888888888888888,
        "6": 0.75
      },
      "ece": 0.1029781957088594,
      "brier": 0.06768123636988167,
      "n_valid": 52,
      "n_total": 52
    },
    {
      "name": "Our LoRA (logprob + temperature scaled)",
      "macro_f1": 0.9159017713365539,
      "macro_f1_ci": [
        0.8128001213111506,
        0.9814243539102087
      ],
      "per_class_f1": {
        "1": 0.9565217391304348,
        "2": 1.0,
        "3": 0.9,
        "4": 1.0,
        "5": 0.8888888888888888,
        "6": 0.75
      },
      "ece": 0.056125456842187074,
      "brier": 0.05802605013766301,
      "n_valid": 52,
      "n_total": 52
    }
  ]
}