{
  "run_id": "gemma-2b-cf",
  "temperature": 0.922385384578733,
  "results": [
    {
      "name": "Zero-shot gemma-2b-it",
      "macro_f1": 0.0625,
      "macro_f1_ci": [
        0.03954802259887006,
        0.0892018779342723
      ],
      "per_class_f1": {
        "1": 0.375,
        "2": 0.0,
        "3": 0.0,
        "4": 0.0,
        "5": 0.0,
        "6": 0.0
      },
      "ece": 0.7550165053751312,
      "brier": 0.747576332412385,
      "n_valid": 52,
      "n_total": 52
    },
    {
      "name": "Our LoRA (verbalized confidence)",
      "macro_f1": 0.2486772486772487,
      "macro_f1_ci": [
        0.15140056022408965,
        0.3357120961004662
      ],
      "per_class_f1": {
        "1": 0.6111111111111112,
        "2": 0.38095238095238093,
        "3": 0.375,
        "4": 0.125,
        "5": 0.0,
        "6": 0.0
      },
      "ece": 0.13461538461538464,
      "brier": 0.25,
      "n_valid": 52,
      "n_total": 52
    },
    {
      "name": "Our LoRA (logprob confidence, raw)",
      "macro_f1": 0.2486772486772487,
      "macro_f1_ci": [
        0.15140056022408965,
        0.3357120961004662
      ],
      "per_class_f1": {
        "1": 0.6111111111111112,
        "2": 0.38095238095238093,
        "3": 0.375,
        "4": 0.125,
        "5": 0.0,
        "6": 0.0
      },
      "ece": 0.17407649186352972,
      "brier": 0.19406295694406134,
      "n_valid": 52,
      "n_total": 52
    },
    {
      "name": "Our LoRA (logprob + temperature scaled)",
      "macro_f1": 0.2486772486772487,
      "macro_f1_ci": [
        0.15140056022408965,
        0.3357120961004662
      ],
      "per_class_f1": {
        "1": 0.6111111111111112,
        "2": 0.38095238095238093,
        "3": 0.375,
        "4": 0.125,
        "5": 0.0,
        "6": 0.0
      },
      "ece": 0.12928505527874606,
      "brier": 0.19839638900057452,
      "n_valid": 52,
      "n_total": 52
    }
  ]
}