{
  "results": [
    {
      "name": "Zero-shot Mistral 7B CF",
      "macro_f1": 0.09523809523809523,
      "macro_f1_ci": [
        0.06302157420578477,
        0.1276595744680851
      ],
      "per_class_f1": {
        "1": 0.5714285714285714,
        "2": 0.0,
        "3": 0.0,
        "4": 0.0,
        "5": 0.0,
        "6": 0.0
      },
      "ece": 0.6446572786861547,
      "brier": 0.5850876887759795,
      "n_valid": 52,
      "n_total": 52
    },
    {
      "name": "LoRA Mistral 7B CF (verbalized)",
      "macro_f1": 0.75990675990676,
      "macro_f1_ci": [
        0.6475601280141764,
        0.8516620780596974
      ],
      "per_class_f1": {
        "1": 0.9230769230769231,
        "2": 0.75,
        "3": 0.6363636363636364,
        "4": 0.875,
        "5": 1.0,
        "6": 0.375
      },
      "ece": 0.24480769230769236,
      "brier": 0.23739807692307688,
      "n_valid": 52,
      "n_total": 52
    },
    {
      "name": "LoRA Mistral 7B CF (logprob raw)",
      "macro_f1": 0.75990675990676,
      "macro_f1_ci": [
        0.6475601280141764,
        0.8516620780596974
      ],
      "per_class_f1": {
        "1": 0.9230769230769231,
        "2": 0.75,
        "3": 0.6363636363636364,
        "4": 0.875,
        "5": 1.0,
        "6": 0.375
      },
      "ece": 0.0713520896647108,
      "brier": 0.16964468553527243,
      "n_valid": 52,
      "n_total": 52
    },
    {
      "name": "LoRA Mistral 7B CF (calibrated)",
      "macro_f1": 0.75990675990676,
      "macro_f1_ci": [
        0.6475601280141764,
        0.8516620780596974
      ],
      "per_class_f1": {
        "1": 0.9230769230769231,
        "2": 0.75,
        "3": 0.6363636363636364,
        "4": 0.875,
        "5": 1.0,
        "6": 0.375
      },
      "ece": 0.07499135548149718,
      "brier": 0.169987998388789,
      "n_valid": 52,
      "n_total": 52
    }
  ]
}