{
  "run_id": "gemma-2b-nodora",
  "temperature": 0.5907338282214863,
  "results": [
    {
      "name": "Zero-shot gemma-2b-it",
      "macro_f1": 0.0625,
      "macro_f1_ci": [
        0.03954802259887006,
        0.0892018779342723
      ],
      "per_class_f1": {
        "1": 0.375,
        "2": 0.0,
        "3": 0.0,
        "4": 0.0,
        "5": 0.0,
        "6": 0.0
      },
      "ece": 0.7550165053751312,
      "brier": 0.747576332412385,
      "n_valid": 52,
      "n_total": 52
    },
    {
      "name": "Our LoRA (verbalized confidence)",
      "macro_f1": 0.8960152907521328,
      "macro_f1_ci": [
        0.8102258860649041,
        0.9633728812037636
      ],
      "per_class_f1": {
        "1": 0.9090909090909091,
        "2": 0.9523809523809523,
        "3": 0.7777777777777778,
        "4": 1.0,
        "5": 1.0,
        "6": 0.7368421052631579
      },
      "ece": 0.11538461538461536,
      "brier": 0.11660769230769229,
      "n_valid": 52,
      "n_total": 52
    },
    {
      "name": "Our LoRA (logprob confidence, raw)",
      "macro_f1": 0.8960152907521328,
      "macro_f1_ci": [
        0.8102258860649041,
        0.9633728812037636
      ],
      "per_class_f1": {
        "1": 0.9090909090909091,
        "2": 0.9523809523809523,
        "3": 0.7777777777777778,
        "4": 1.0,
        "5": 1.0,
        "6": 0.7368421052631579
      },
      "ece": 0.06722216538031506,
      "brier": 0.06980762859619527,
      "n_valid": 52,
      "n_total": 52
    },
    {
      "name": "Our LoRA (logprob + temperature scaled)",
      "macro_f1": 0.8960152907521328,
      "macro_f1_ci": [
        0.8102258860649041,
        0.9633728812037636
      ],
      "per_class_f1": {
        "1": 0.9090909090909091,
        "2": 0.9523809523809523,
        "3": 0.7777777777777778,
        "4": 1.0,
        "5": 1.0,
        "6": 0.7368421052631579
      },
      "ece": 0.03968803022858908,
      "brier": 0.07011871268834396,
      "n_valid": 52,
      "n_total": 52
    }
  ]
}